0,1,2,3,4,5,6,7,8,9,10,11,12,accuracy,macro avg,weighted avg
0.0,0.4,0.0,0.17647058823529413,0.0,0.9683453237410072,0.6666666666666666,0.0,0.7916666666666666,0.0,0.21739130434782608,0.0,0.0,0.8725490196078431,0.2477338884351893,0.914300653842805
0.0,0.4,0.0,0.5,0.0,0.9033557046979865,0.5,0.0,1.0,0.0,0.7692307692307693,0.0,0.0,0.8725490196078431,0.3132758826099043,0.8725490196078431
0.0,0.4000000000000001,0.0,0.2608695652173913,0.0,0.9347222222222222,0.5714285714285715,0.0,0.8837209302325582,0.0,0.3389830508474576,0.0,0.0,0.8725490196078431,0.26074802614986164,0.8884579435775909
4.0,5.0,1.0,12.0,5.0,745.0,4.0,1.0,19.0,2.0,13.0,2.0,3.0,0.8725490196078431,816.0,816.0
