0,1,2,3,4,5,6,7,8,9,10,11,12,accuracy,macro avg,weighted avg
0.0,0.0,0.0,0.0,1.0,0.9425837320574163,0.0,0.0,1.0,0.0,0.625,0.0,0.0,0.9372128637059725,0.2744295178505705,0.8989738197645025
0.0,0.0,0.0,0.0,0.25,0.9916107382550335,0.0,0.0,1.0,0.0,0.5,0.0,0.0,0.9372128637059725,0.21089313371192567,0.9372128637059725
0.0,0.0,0.0,0.0,0.4,0.9664758789860998,0.0,0.0,1.0,0.0,0.5555555555555556,0.0,0.0,0.9372128637059725,0.2247716488108966,0.9160416224062342
4.0,4.0,1.0,10.0,4.0,596.0,3.0,1.0,15.0,1.0,10.0,2.0,2.0,0.9372128637059725,653.0,653.0
