0,1,2,3,4,5,6,7,8,9,10,11,12,accuracy,macro avg,weighted avg
0.0,0.0,0.0,0.23076923076923078,0.0,0.9482535575679172,0.0,0.0,0.9444444444444444,0.0,0.5,0.0,0.0,0.928921568627451,0.20180517175243018,0.8990962936296244
0.0,0.0,0.0,0.25,0.0,0.9838926174496644,0.0,0.0,0.8947368421052632,0.0,0.38461538461538464,0.0,0.0,0.928921568627451,0.19332652647463938,0.928921568627451
0.0,0.0,0.0,0.24000000000000002,0.0,0.9657444005270092,0.0,0.0,0.918918918918919,0.0,0.4347826086956522,0.0,0.0,0.928921568627451,0.19688045601089083,0.9135676614768687
4.0,5.0,1.0,12.0,5.0,745.0,4.0,1.0,19.0,2.0,13.0,2.0,3.0,0.928921568627451,816.0,816.0
