0,1,2,3,4,5,6,7,8,9,10,11,12,accuracy,macro avg,weighted avg
0.0,0.047619047619047616,0.0,0.0,0.0,0.9397905759162304,0.0,0.0,0.5925925925925926,0.0,0.25,0.0,0.0,0.9019607843137255,0.14076940124060544,0.8760923205330221
0.0,0.2,0.0,0.0,0.0,0.963758389261745,0.0,0.0,0.8421052631578947,0.0,0.07692307692307693,0.0,0.0,0.9019607843137255,0.16021436379559362,0.9019607843137255
0.0,0.07692307692307693,0.0,0.0,0.0,0.9516235917826376,0.0,0.0,0.6956521739130435,0.0,0.11764705882352941,0.0,0.0,0.9019607843137255,0.14168045395709902,0.8873664146222231
4.0,5.0,1.0,12.0,5.0,745.0,4.0,1.0,19.0,2.0,13.0,2.0,3.0,0.9019607843137255,816.0,816.0
