0,1,2,3,4,5,6,7,8,9,10,11,12,accuracy,macro avg,weighted avg
0.0,0.0,0.0,0.0,0.0,0.9433656957928802,0.0,0.0,1.0,0.0,0.42857142857142855,0.0,0.0,0.9203675344563553,0.1824567018741776,0.8905538575471224
0.0,0.0,0.0,0.0,0.0,0.9781879194630873,0.0,0.0,1.0,0.0,0.3,0.0,0.0,0.9203675344563553,0.17524522457408362,0.9203675344563553
0.0,0.0,0.0,0.0,0.0,0.9604612850082374,0.0,0.0,1.0,0.0,0.3529411764705882,0.0,0.0,0.9203675344563553,0.17795403549837122,0.9049989856502532
4.0,4.0,1.0,10.0,4.0,596.0,3.0,1.0,15.0,1.0,10.0,2.0,2.0,0.9203675344563553,653.0,653.0
