0,1,2,3,4,5,6,7,8,9,10,11,12,accuracy,macro avg,weighted avg
0.0,0.0,0.0,0.2,0.0,0.9401273885350319,0.0,0.0,0.9444444444444444,0.0,0.5714285714285714,0.0,0.0,0.9313725490196079,0.20430772341600362,0.892362647465214
0.0,0.0,0.0,0.08333333333333333,0.0,0.9906040268456375,0.0,0.0,0.8947368421052632,0.0,0.3076923076923077,0.0,0.0,0.9313725490196079,0.17510511615204163,0.9313725490196079
0.0,0.0,0.0,0.11764705882352941,0.0,0.9647058823529412,0.0,0.0,0.918918918918919,0.0,0.4,0.0,0.0,0.9313725490196079,0.18471322000733764,0.9102660619096606
4.0,5.0,1.0,12.0,5.0,745.0,4.0,1.0,19.0,2.0,13.0,2.0,3.0,0.9313725490196079,816.0,816.0
