0,1,2,3,4,5,6,7,8,9,10,11,12,accuracy,macro avg,weighted avg
0.0,0.0,0.0,0.0,0.0,0.9127105666156202,0.0,0.0,0.0,0.0,0.0,0.0,0.0,0.9127105666156202,0.07020850512427848,0.8330405784118066
0.0,0.0,0.0,0.0,0.0,1.0,0.0,0.0,0.0,0.0,0.0,0.0,0.0,0.9127105666156202,0.07692307692307693,0.9127105666156202
0.0,0.0,0.0,0.0,0.0,0.954363490792634,0.0,0.0,0.0,0.0,0.0,0.0,0.0,0.9127105666156202,0.073412576214818,0.8710576424386063
4.0,4.0,1.0,10.0,4.0,596.0,3.0,1.0,15.0,1.0,10.0,2.0,2.0,0.9127105666156202,653.0,653.0
