0,1,2,3,4,5,6,7,8,9,10,11,12,accuracy,macro avg,weighted avg
0.0,0.6666666666666666,0.0,0.3333333333333333,0.2,0.9608108108108108,0.4,0.0,0.8636363636363636,0.0,0.34782608695652173,0.0,0.0,0.9166666666666666,0.29017486626182276,0.9150345801800406
0.0,0.4,0.0,0.4166666666666667,0.2,0.9543624161073826,0.5,0.0,1.0,0.0,0.6153846153846154,0.0,0.0,0.9166666666666666,0.31433951524297427,0.9166666666666666
0.0,0.5,0.0,0.3703703703703704,0.20000000000000004,0.9575757575757576,0.4444444444444445,0.0,0.9268292682926829,0.0,0.4444444444444444,0.0,0.0,0.9166666666666666,0.2956664834713615,0.9148329601611527
4.0,5.0,1.0,12.0,5.0,745.0,4.0,1.0,19.0,2.0,13.0,2.0,3.0,0.9166666666666666,816.0,816.0
