0,1,2,3,4,5,6,7,8,9,10,11,12,accuracy,macro avg,weighted avg
0.0,0.25,0.0,0.2857142857142857,0.2857142857142857,0.9587628865979382,0.0,0.0,0.9375,0.0,0.3157894736842105,0.0,0.5,0.900459418070444,0.27180622551620925,0.9106325806266665
0.0,0.5,0.0,0.4,0.5,0.9362416107382551,0.0,0.0,1.0,0.0,0.6,0.0,0.5,0.900459418070444,0.3412493546721735,0.900459418070444
0.0,0.3333333333333333,0.0,0.3333333333333333,0.36363636363636365,0.9473684210526315,0.0,0.0,0.967741935483871,0.0,0.41379310344827586,0.0,0.5,0.900459418070444,0.2968620377144468,0.9041452544185626
4.0,4.0,1.0,10.0,4.0,596.0,3.0,1.0,15.0,1.0,10.0,2.0,2.0,0.900459418070444,653.0,653.0
