0,1,2,3,4,5,6,7,8,9,10,11,12,accuracy,macro avg,weighted avg
0.0,1.0,0.0,0.0,0.0,0.9596774193548387,0.0,0.0,1.0,0.0,0.06206896551724138,0.0,0.0,0.7580398162327718,0.23244202960554464,0.9059547191281108
0.0,0.25,0.0,0.0,0.0,0.7986577181208053,0.0,0.0,0.6,0.0,0.9,0.0,0.0,0.7580398162327718,0.1960505937016004,0.7580398162327718
0.0,0.4,0.0,0.0,0.0,0.8717948717948719,0.0,0.0,0.7499999999999999,0.0,0.11612903225806452,0.0,0.0,0.7580398162327718,0.16445568492714896,0.81715319128993
4.0,4.0,1.0,10.0,4.0,596.0,3.0,1.0,15.0,1.0,10.0,2.0,2.0,0.7580398162327718,653.0,653.0
