0,1,2,3,4,5,6,7,8,9,10,11,12,accuracy,macro avg,weighted avg
0.0,0.0,0.0,0.5,0.0,0.9413265306122449,0.0,0.0,0.9473684210526315,0.0,0.36363636363636365,0.0,0.0,0.9325980392156863,0.2117177934847108,0.894626884844847
0.0,0.0,0.0,0.08333333333333333,0.0,0.9906040268456375,0.0,0.0,0.9473684210526315,0.0,0.3076923076923077,0.0,0.0,0.9325980392156863,0.17915369914799312,0.9325980392156863
0.0,0.0,0.0,0.14285714285714285,0.0,0.9653368214519293,0.0,0.0,0.9473684210526315,0.0,0.33333333333333337,0.0,0.0,0.9325980392156863,0.18376120913038746,0.9108131752810127
4.0,5.0,1.0,12.0,5.0,745.0,4.0,1.0,19.0,2.0,13.0,2.0,3.0,0.9325980392156863,816.0,816.0
