0,1,2,3,4,5,6,7,8,9,10,11,12,accuracy,macro avg,weighted avg
0.0,0.0,0.0,0.0,0.0,0.932415519399249,0.0,0.0,0.9411764705882353,0.0,0.0,0.0,0.0,0.9325980392156863,0.144122460768268,0.8732008760951189
0.0,0.0,0.0,0.0,0.0,1.0,0.0,0.0,0.8421052631578947,0.0,0.0,0.0,0.0,0.9325980392156863,0.1417004048582996,0.9325980392156863
0.0,0.0,0.0,0.0,0.0,0.9650259067357513,0.0,0.0,0.8888888888888888,0.0,0.0,0.0,0.0,0.9325980392156863,0.14260883043266462,0.9017563595674309
4.0,5.0,1.0,12.0,5.0,745.0,4.0,1.0,19.0,2.0,13.0,2.0,3.0,0.9325980392156863,816.0,816.0
