0,1,2,3,4,5,6,7,8,9,10,11,12,accuracy,macro avg,weighted avg
0.0,0.5714285714285714,0.0,0.15151515151515152,0.2,0.9743954480796586,0.4,0.0,0.8636363636363636,0.0,0.2972972972972973,0.0,0.0,0.8909313725490197,0.26602098707361865,0.9233748642997869
0.0,0.8,0.0,0.4166666666666667,0.2,0.9194630872483222,0.5,0.0,1.0,0.0,0.8461538461538461,0.0,0.0,0.8909313725490197,0.3601756615437565,0.8909313725490197
0.0,0.6666666666666666,0.0,0.2222222222222222,0.20000000000000004,0.9461325966850829,0.4444444444444445,0.0,0.9268292682926829,0.0,0.44000000000000006,0.0,0.0,0.8909313725490197,0.29586886140854607,0.9031572529481932
4.0,5.0,1.0,12.0,5.0,745.0,4.0,1.0,19.0,2.0,13.0,2.0,3.0,0.8909313725490197,816.0,816.0
