0,1,2,3,4,5,6,7,8,9,10,11,12,accuracy,macro avg,weighted avg
0.0,0.14285714285714285,0.0,0.15384615384615385,0.0,0.9658119658119658,1.0,0.0,0.7916666666666666,0.0,0.25,0.3333333333333333,0.0,0.8774509803921569,0.2798088663473279,0.9130498620388326
0.0,0.6,0.0,0.3333333333333333,0.0,0.9100671140939597,0.5,0.0,1.0,0.0,0.6923076923076923,0.5,0.0,0.8774509803921569,0.34890062613346046,0.8774509803921569
0.0,0.23076923076923073,0.0,0.21052631578947367,0.0,0.9371112646855563,0.6666666666666666,0.0,0.8837209302325582,0.0,0.3673469387755102,0.4,0.0,0.8774509803921569,0.284318565147615,0.8907609420088556
4.0,5.0,1.0,12.0,5.0,745.0,4.0,1.0,19.0,2.0,13.0,2.0,3.0,0.8774509803921569,816.0,816.0
