0,1,2,3,4,5,6,7,8,9,10,11,12,accuracy,macro avg,weighted avg
0.0,0.0,0.0,0.0,0.0,0.93125,0.0,0.0,0.9375,0.0,0.0,0.0,0.0,0.9313725490196079,0.14375,0.8720511642156863
0.0,0.0,0.0,0.0,0.0,1.0,0.0,0.0,0.7894736842105263,0.0,0.0,0.0,0.0,0.9313725490196079,0.13765182186234817,0.9313725490196079
0.0,0.0,0.0,0.0,0.0,0.964401294498382,0.0,0.0,0.8571428571428572,0.0,0.0,0.0,0.0,0.9313725490196079,0.14011878089547994,0.9004469101556482
4.0,5.0,1.0,12.0,5.0,745.0,4.0,1.0,19.0,2.0,13.0,2.0,3.0,0.9313725490196079,816.0,816.0
