0,1,2,3,4,5,6,7,8,9,10,11,12,accuracy,macro avg,weighted avg
0.0,0.0,0.0,0.0,0.0,0.9341692789968652,0.0,0.0,1.0,0.0,0.0,0.0,0.0,0.9356814701378254,0.1487822522305281,0.8755970754703395
0.0,0.0,0.0,0.0,0.0,1.0,0.0,0.0,1.0,0.0,0.0,0.0,0.0,0.9356814701378254,0.15384615384615385,0.9356814701378254
0.0,0.0,0.0,0.0,0.0,0.965964343598055,0.0,0.0,1.0,0.0,0.0,0.0,0.0,0.9356814701378254,0.1512280264306196,0.9046167668980716
4.0,4.0,1.0,10.0,4.0,596.0,3.0,1.0,15.0,1.0,10.0,2.0,2.0,0.9356814701378254,653.0,653.0
